0,1,2,3,4,5,6,7,8,9,Filename
chr7,116412043,.,G,GACA,.,low_af;read_position;systematic_noise,DP=35;MQ=250.00;FractionInformativeReads=1.000;AQ=0.37;hotspot;SOMATIC,GT:SQ:AD:AF:F1R2:F2R1:DP:SB:MB,"0/1:36.36:32,3:0.086:19,1:13,2:35:16,16,0,3:19,13,2,1",VF3D-F-SE8-S38.hard-filtered.vcf_14_end_AG.csv
chr7,116411901,.,AGATCTGGGCAGTGAATTAG,A,.,PASS,DP=207;MQ=250.00;FractionInformativeReads=1.000;AQ=100.00;SOMATIC,GT:SQ:AD:AF:F1R2:F2R1:DP:SB:MB,"0/1:10.64:162,45:0.217:73,18:89,27:207:73,89,17,28:86,76,28,17",VK2D-F-D-CE-S16.hard-filtered.vcf_14_start_GT.csv
chr7,116414938,.,A,T,.,read_position;weak_evidence,DP=4;MQ=60.00;TLOD=3.01;FractionInformativeReads=0.500,GT:SQ:AD:AF:F1R2:F2R1:DP:SB:MB,"0/1:3.01:1,1:0.500:1,1:0,0:2:0,1,0,1:0,1,0,1",VBOB-F-R0R1-SE8-S16.hard-filtered.vcf_15_start_GT.csv
chr7,116412040,.,GAA,G,.,read_position;weak_evidence,DP=25;MQ=60.00;TLOD=5.40;FractionInformativeReads=0.720,GT:SQ:AD:AF:F1R2:F2R1:DP:SB:MB:PS,"0|1:5.40:16,2:0.111:12,2:4,0:18:12,4,1,1:12,4,1,1:116412034",ULIC-F2-Roch-R0R1-SE8.hard-filtered.vcf_14_end_AG.csv
chr7,116412041,.,A,G,.,read_position;weak_evidence,DP=6;MQ=60.00;TLOD=5.67;FractionInformativeReads=1.000,GT:SQ:AD:AF:F1R2:F2R1:DP:SB:MB:PS,"0|1:5.67:4,2:0.333:4,2:0,0:6:1,3,0,2:1,3,0,2:116412034",VDMG-F2-R01-SE8-S37.hard-filtered.vcf_14_end_AG.csv
chr7,116412040,.,G,T,.,low_af;read_position;weak_evidence,DP=38;MQ=60.00;TLOD=4.93;FractionInformativeReads=0.711,GT:SQ:AD:AF:F1R2:F2R1:DP:SB:MB:PS,"0|1:4.93:25,2:0.074:10,2:15,0:27:20,5,1,1:11,14,1,1:116412037",VB2C-F-SE8-S12.hard-filtered.vcf_14_end_AG.csv
chr7,116414933,.,A,T,.,no_reliable_supporting_read;read_position;too_few_supporting_reads;systematic_noise,DP=5;MQ=249.80;FractionInformativeReads=1.000;AQ=8.89,GT:SQ:AD:AF:F1R2:F2R1:DP:SB:MB,"0/1:10.54:4,1:0.200:3,0:1,1:5:2,2,1,0:3,1,0,1",VJLJ-F-CE-SL-S69.hard-filtered.vcf_15_start_GT.csv
chr7,116412041,.,A,T,.,read_position;weak_evidence,DP=36;MQ=60.00;TLOD=5.56;FractionInformativeReads=0.639,GT:SQ:AD:AF:F1R2:F2R1:DP:SB:MB:PS,"0|1:5.56:20,3:0.130:8,1:12,2:23:14,6,0,3:6,14,2,1:116412036",ULNG-F-R1-SE8-S9.hard-filtered.vcf_14_end_AG.csv
chr7,116412043,.,G,GA,.,weak_evidence,DP=36;MQ=60.00;TLOD=5.54;FractionInformativeReads=0.528,GT:SQ:AD:AF:F1R2:F2R1:DP:SB:MB:PS,"0|1:5.54:16,3:0.158:6,1:10,2:19:11,5,1,2:5,11,3,0:116412043",ULNG-F-R1-SE8-S9.hard-filtered.vcf_14_end_AG.csv
chr7,116412044,.,G,C,.,read_position;weak_evidence,DP=33;MQ=60.00;TLOD=5.54;FractionInformativeReads=0.576,GT:SQ:AD:AF:F1R2:F2R1:DP:SB:MB:PS,"0|1:5.54:16,3:0.158:6,1:10,2:19:11,5,1,2:5,11,3,0:116412043",ULNG-F-R1-SE8-S9.hard-filtered.vcf_14_end_AG.csv
chr7,116412041,.,A,T,.,read_position;weak_evidence,DP=30;MQ=60.00;TLOD=4.78;FractionInformativeReads=0.733,GT:SQ:AD:AF:F1R2:F2R1:DP:SB:MB:PS,"0|1:4.78:19,3:0.136:8,1:11,2:22:14,5,1,2:5,14,1,2:116412031",ULOC-F-SE8-S29.hard-filtered.vcf_14_end_AG.csv
chr7,116412043,.,G,T,.,low_af;too_few_supporting_reads;systematic_noise,DP=18;MQ=250.00;FractionInformativeReads=1.000;AQ=5.76;hotspot;SOMATIC,GT:SQ:AD:AF:F1R2:F2R1:DP:SB:MB,"0/1:9.16:17,1:0.056:7,0:10,1:18:13,4,1,0:9,8,0,1",VL1L-F2-D-CE-S33.hard-filtered.vcf_14_end_AG.csv
chr7,116412043,.,GGT,G,.,too_few_supporting_reads;systematic_noise,DP=12;MQ=250.00;FractionInformativeReads=1.000;AQ=17.69;hotspot;SOMATIC,GT:SQ:AD:AF:F1R2:F2R1:DP:SB:MB,"0/1:35.25:10,2:0.167:4,2:6,0:12:8,2,0,2:2,8,0,2",VIIJ-F2-CE-SL-S27.hard-filtered.vcf_14_end_AG.csv
chr7,116412040,.,G,C,.,low_af;read_position;weak_evidence,DP=51;MQ=60.00;TLOD=3.87;FractionInformativeReads=0.725,GT:SQ:AD:AF:F1R2:F2R1:DP:SB:MB:PS,"0|1:3.87:35,2:0.054:22,2:13,0:37:27,8,0,2:20,15,0,2:116412031",IN-423-UDGA-F-SSE.hard-filtered.vcf_14_end_AG.csv
chr7,116412040,.,G,C,.,read_position;weak_evidence,DP=26;MQ=60.00;TLOD=5.51;FractionInformativeReads=0.654,GT:SQ:AD:AF:F1R2:F2R1:DP:SB:MB:PS,"0|1:5.51:15,2:0.118:9,1:6,1:17:12,3,1,1:8,7,0,2:116412034",VBOA-F-SE8-S25-Merged.hard-filtered.vcf_14_end_AG.csv
chr7,116411902,.,G,C,.,PASS,DP=70;MQ=250.00;FractionInformativeReads=0.971;AQ=100.00;SOMATIC,GT:SQ:AD:AF:F1R2:F2R1:DP:SB:MB,"0/1:14.45:46,22:0.324:26,8:20,14:68:24,22,9,13:26,20,13,9",VEFD-F3-CE-S49.hard-filtered.vcf_14_start_GT.csv
chr7,116412042,.,AGGT,A,.,read_position,DP=18;MQ=60.00;TLOD=9.52;FractionInformativeReads=0.667,GT:SQ:AD:AF:F1R2:F2R1:DP:SB:MB:PS,"0|1:9.52:9,3:0.250:3,0:6,3:12:4,5,1,2:6,3,2,1:116412042",UIXA-F-SE8-S8.hard-filtered.vcf_14_end_AG.csv
chr7,116412041,.,A,T,.,low_af;read_position;weak_evidence,DP=39;MQ=60.00;TLOD=3.69;FractionInformativeReads=0.615,GT:SQ:AD:AF:F1R2:F2R1:DP:SB:MB:PS,"0|1:3.69:22,2:0.083:15,0:7,2:24:10,12,1,1:9,13,1,1:116412033",UHPF-F2-SE8-S30.hard-filtered.vcf_14_end_AG.csv
chr7,116412040,.,G,T,.,low_af;read_position;weak_evidence,DP=41;MQ=60.00;TLOD=5.17;FractionInformativeReads=0.610,GT:SQ:AD:AF:F1R2:F2R1:DP:SB:MB:PS,"0|1:5.17:23,2:0.080:8,2:15,0:25:14,9,1,1:7,16,1,1:116412037",UJFB-F-SE8-S12.hard-filtered.vcf_14_end_AG.csv
chr7,116412041,.,A,T,.,read_position,DP=8;MQ=60.00;TLOD=6.61;FractionInformativeReads=1.000,GT:SQ:AD:AF:F1R2:F2R1:DP:SB:MB:PS,"0|1:6.61:6,2:0.250:4,1:2,1:8:2,4,0,2:4,2,1,1:116412031",VAUD-F-SE8.hard-filtered.vcf_14_end_AG.csv
chr7,116412043,.,G,GA,.,low_af;too_few_supporting_reads;systematic_noise,DP=37;MQ=250.00;FractionInformativeReads=0.946;AQ=0.10;hotspot;SOMATIC,GT:SQ:AD:AF:F1R2:F2R1:DP:SB:MB,"0/1:18.23:33,2:0.057:17,0:16,2:35:23,10,0,2:15,18,2,0",VDAA-F-SE8-raw-S44.hard-filtered.vcf_14_end_AG.csv
chr7,116412040,.,G,C,.,read_position;weak_evidence,DP=27;MQ=60.00;TLOD=6.15;FractionInformativeReads=0.704,GT:SQ:AD:AF:F1R2:F2R1:DP:SB:MB:PS,"0|1:6.15:16,3:0.158:7,2:9,1:19:12,4,1,2:5,11,2,1:116412031",UKBC-F-SE8-S18.hard-filtered.vcf_14_end_AG.csv
chr7,116412041,.,A,T,.,read_position,DP=18;MQ=60.00;TLOD=14.77;FractionInformativeReads=0.722,GT:SQ:AD:AF:F1R2:F2R1:DP:SB:MB:PS,"0|1:14.77:8,5:0.385:1,2:7,3:13:3,5,0,5:4,4,3,2:116412034",UJZD-F-SE8-Merged-S3.hard-filtered.vcf_14_end_AG.csv
chr7,116412040,.,G,C,.,low_af;read_position;weak_evidence,DP=56;MQ=60.00;TLOD=5.86;FractionInformativeReads=0.607,GT:SQ:AD:AF:F1R2:F2R1:DP:SB:MB:PS,"0|1:5.86:31,3:0.088:18,0:13,3:34:26,5,1,2:19,12,2,1:116412036",UFHB-F-SSE.hard-filtered.vcf_14_end_AG.csv
chr7,116412044,.,G,A,.,read_position,DP=33;MQ=60.00;TLOD=7.59;FractionInformativeReads=0.788,GT:SQ:AD:AF:F1R2:F2R1:DP:SB:MB:PS,"0|1:7.59:23,3:0.115:9,1:14,2:26:4,19,1,2:12,11,1,2:116412044",UGSA-Z-SE8.hard-filtered.vcf_14_end_AG.csv
chr7,116412041,.,AAG,A,.,read_position;weak_evidence,DP=3;MQ=60.00;TLOD=3.67;FractionInformativeReads=0.667,GT:SQ:AD:AF:F1R2:F2R1:DP:SB:MB,"0/1:3.67:1,1:0.500:0,1:1,0:2:0,1,0,1:1,0,0,1",VBID-F-R0R1-SE8-S29.hard-filtered.vcf_14_end_AG.csv
chr7,116411900,.,A,ATGGACTAC,.,weak_evidence;systematic_noise,DP=31;MQ=250.00;FractionInformativeReads=0.935;AQ=35.46;SOMATIC,GT:SQ:AD:AF:F1R2:F2R1:DP:SB:MB,"0/1:2.21:24,5:0.172:12,5:12,0:29:6,18,0,5:12,12,0,5",VJGF-F-CE-S19.hard-filtered.vcf_14_start_GT.csv
chr7,116414938,.,A,T,.,read_position;weak_evidence,DP=41;MQ=60.00;TLOD=6.29;FractionInformativeReads=0.537,GT:SQ:AD:AF:F1R2:F2R1:DP:SB:MB,"0/1:6.29:19,3:0.136:11,1:8,2:22:14,5,3,0:8,11,1,2",VBUL-F-R0-SE8-S22.hard-filtered.vcf_15_start_GT.csv
chr7,116412044,.,GT,G,.,read_position,DP=33;MQ=60.00;TLOD=6.70;FractionInformativeReads=0.636,GT:SQ:AD:AF:F1R2:F2R1:DP:SB:MB:PS,"0|1:6.70:18,3:0.143:8,3:10,0:21:14,4,1,2:12,6,1,2:116412044",VAFC-F-SE8-S17.hard-filtered.vcf_14_end_AG.csv
chr7,116412043,.,G,GACA,.,PASS,DP=5;MQ=60.00;TLOD=7.81;FractionInformativeReads=0.600,GT:SQ:AD:AF:F1R2:F2R1:DP:SB:MB,"0/1:7.81:1,2:0.667:1,1:0,1:3:1,0,1,1:1,0,2,0",VD3C-F-SE8-S40.hard-filtered.vcf_14_end_AG.csv
chr7,116414938,.,A,T,.,weak_evidence,DP=19;MQ=60.00;TLOD=5.32;FractionInformativeReads=0.842,GT:SQ:AD:AF:F1R2:F2R1:DP:SB:MB,"0/1:5.32:14,2:0.125:12,0:2,2:16:13,1,2,0:11,3,0,2",UHKA-F-SE8.hard-filtered.vcf_15_start_GT.csv
chr7,116414933,.,A,T,.,read_position;weak_evidence,DP=44;MQ=60.00;TLOD=4.44;FractionInformativeReads=0.545,GT:SQ:AD:AF:F1R2:F2R1:DP:SB:MB,"0/1:4.44:21,3:0.125:9,2:12,1:24:10,11,1,2:10,11,2,1",VDMG-F2-R01-SE8-S37.hard-filtered.vcf_15_start_GT.csv
chr7,116412044,.,G,A,.,read_position;weak_evidence,DP=49;MQ=60.00;TLOD=5.72;FractionInformativeReads=0.612,GT:SQ:AD:AF:F1R2:F2R1:DP:SB:MB:PS,"0|1:5.72:26,4:0.133:12,3:14,1:30:9,17,1,3:13,13,0,4:116412044",ULXC-F-SE8-S13.hard-filtered.vcf_14_end_AG.csv
chr7,116412040,.,G,T,.,low_af;read_position,DP=57;MQ=60.00;TLOD=7.67;FractionInformativeReads=0.772,GT:SQ:AD:AF:F1R2:F2R1:DP:SB:MB:PS,"0|1:7.67:41,3:0.068:14,2:27,1:44:30,11,0,3:17,24,1,2:116412037",ML02796-SSE-CA.hard-filtered.vcf_14_end_AG.csv
chr7,116412046,.,A,AAG,.,low_af;weak_evidence,DP=41;MQ=60.00;TLOD=4.67;FractionInformativeReads=0.805,GT:SQ:AD:AF:F1R2:F2R1:DP:SB:MB,"0/1:4.67:31,2:0.061:12,1:19,1:33:25,6,1,1:14,17,2,0",ML02796-SSE-CA.hard-filtered.vcf_14_end_AG.csv
chr7,116412044,.,GT,G,.,low_af;weak_evidence,DP=75;MQ=60.00;TLOD=4.98;FractionInformativeReads=0.707,GT:SQ:AD:AF:F1R2:F2R1:DP:SB:MB:PS,"0|1:4.98:49,4:0.075:23,2:26,2:53:35,14,1,3:25,24,1,3:116412044",IN-423-UCSB-F-SSE.hard-filtered.vcf_14_end_AG.csv
chr7,116412046,.,ATATTT,A,.,low_af;read_position;weak_evidence,DP=74;MQ=60.00;TLOD=4.98;FractionInformativeReads=0.716,GT:SQ:AD:AF:F1R2:F2R1:DP:SB:MB:PS,"0|1:4.98:49,4:0.075:23,2:26,2:53:35,14,1,3:25,24,1,3:116412044",IN-423-UCSB-F-SSE.hard-filtered.vcf_14_end_AG.csv
chr7,116414938,.,A,T,.,read_position;weak_evidence,DP=5;MQ=60.00;TLOD=3.34;FractionInformativeReads=0.600,GT:SQ:AD:AF:F1R2:F2R1:DP:SB:MB,"0/1:3.34:2,1:0.333:1,0:1,1:3:0,2,0,1:1,1,1,0",UEXC-F-SSE2.hard-filtered.vcf_15_start_GT.csv
chr7,116412041,.,A,T,.,low_af;read_position;weak_evidence,DP=31;MQ=60.00;TLOD=5.03;FractionInformativeReads=0.806,GT:SQ:AD:AF:F1R2:F2R1:DP:SB:MB:PS,"0|1:5.03:23,2:0.080:14,2:9,0:25:17,6,0,2:12,11,0,2:116412031",VDDC-F-SE8-S20.hard-filtered.vcf_14_end_AG.csv
chr7,116412042,.,A,C,.,read_position;weak_evidence,DP=20;MQ=60.00;TLOD=5.65;FractionInformativeReads=0.800,GT:SQ:AD:AF:F1R2:F2R1:DP:SB:MB:PS,"0|1:5.65:14,2:0.125:7,1:7,1:16:12,2,0,2:9,5,1,1:116412035",UJ3C-F-SE8-S17.hard-filtered.vcf_14_end_AG.csv
